r,l,t,precision,recall,f1,sustain_precision,sustain_recall,sustain_f1
38.090925,150,4.808876,0.7411111111111112,0.01,0.2553333333333333,0.5333333333333333,1.0,0.5333333333333333
44.912294,150,6.27322,0.5966666666666667,0.01,0.4122222222222222,0.58,1.0,0.58
52.998804,150,7.795732,0.6311111111111112,0.016666666666666666,0.3697777777777778,0.6266666666666667,1.0,0.6266666666666667
42.101333,150,9.310172,0.6333333333333333,0.04,0.3746666666666667,0.58,1.0,0.58
59.241059,150,10.775801,0.6874444444444445,0.016666666666666666,0.30723809523809525,0.6066666666666667,1.0,0.6066666666666667
57.219738,150,12.264857,0.6322222222222222,0.016666666666666666,0.3704444444444444,0.58,1.0,0.58
